Workbook
Name Slicer_Cateogry: #N/A
Name Slicer_Date: #N/A
Name Slicer_Months__Date: #N/A
Name Slicer_Product: #N/A
Name Slicer_Quantity: #N/A
Name Slicer_Quarters__Date: #N/A
Name Slicer_Region: #N/A
Name Slicer_Revenue: #N/A
Name Slicer_Sales: #N/A
Name Slicer_Unit_Price: #N/A
Name Slicer_Years__Date: #N/A

Sheet Sheet3
A1: Row Labels | B1: Sum of Revenue | C1: Sum of Quantity | D1: Sum of Unit Price | E1: Sum of Sales
A2: East | B2: 3450000 | C2: 6300 | D2: 2000 | E2: 250
A3: 2022 | B3: 450000 | C3: 300 | D3: 1500 | E3: 150
A4: 2025 | B4: 3000000 | C4: 6000 | D4: 500 | E4: 100
A5: North | B5: 25000000 | C5: 500 | D5: 50000 | E5: 100
A6: 2020 | B6: 25000000 | C6: 500 | D6: 50000 | E6: 100
A7: South | B7: 104000000 | C7: 2200 | D7: 70000 | E7: 650
A8: 2021 | B8: 4000000 | C8: 200 | D8: 20000 | E8: 50
A9: 2024 | B9: 100000000 | C9: 2000 | D9: 50000 | E9: 600
A10: West | B10: 12200000 | C10: 6100 | D10: 51200 | E10: 1520
A11: 2023 | B11: 5000000 | C11: 100 | D11: 50000 | E11: 20
A12: 2026 | B12: 7200000 | C12: 6000 | D12: 1200 | E12: 1500
A13: Grand Total | B13: 144650000 | C13: 15100 | D13: 173200 | E13: 2520

Sheet cateorgy
D8: Sales-Revenue-Analysis-Dashboard
D9: Date | E9: Product | F9: Cateogry | G9: Region | H9: Quantity | I9: Unit Price | J9: Sales | K9: Revenue
D10: 43831 | E10: Laptop | F10: Electronics | G10: North | H10: 500 | I10: 50000 | J10: 100 | K10: =H10*I10 -> 25000000
D11: 44198 | E11: Mobile | F11: Electronics | G11: South | H11: 200 | I11: 20000 | J11: 50 | K11: =H11*I11 -> 4000000
D12: 44564 | E12: Headphones | F12: Accessories | G12: East | H12: 300 | I12: 1500 | J12: 150 | K12: =H12*I12 -> 450000
D13: 44930 | E13: TABS | F13: Electronics | G13: West | H13: 100 | I13: 50000 | J13: 20 | K13: =H13*I13 -> 5000000
D14: 45296 | E14: TV | F14: Electronics | G14: South | H14: 2000 | I14: 50000 | J14: 600 | K14: =H14*I14 -> 100000000
D15: 45663 | E15: Mouse | F15: Accessories | G15: East | H15: 6000 | I15: 500 | J15: 100 | K15: =H15*I15 -> 3000000
D16: 46029 | E16: Keyboard | F16: Accessories | G16: West | H16: 6000 | I16: 1200 | J16: 1500 | K16: =H16*I16 -> 7200000
D20: Revenue

Sheet Dashboard
F8: Dashboard
F9: Date | G9: Total Revenue | H9: Total Quantity | I9: Total Sales
F10: 43831 | G10: =SUM(cateorgy!K10:K16) -> 144650000 | H10: =SUM(cateorgy!H10:H16) -> 15100 | I10: =SUM(cateorgy!J10:J16) -> 2520
F11: 44198 | G11: =SUM(cateorgy!K11:K17) -> 119650000 | H11: =SUM(cateorgy!H11:H17) -> 14600 | I11: =SUM(cateorgy!J11:J17) -> 2420
F12: 44564 | G12: =SUM(cateorgy!K12:K18) -> 115650000 | H12: =SUM(cateorgy!H12:H18) -> 14400 | I12: =SUM(cateorgy!J12:J18) -> 2370
F13: 44930 | G13: =SUM(cateorgy!K13:K19) -> 115200000 | H13: =SUM(cateorgy!H13:H19) -> 14100 | I13: =SUM(cateorgy!J13:J19) -> 2220
F14: 45296 | G14: =SUM(cateorgy!K14:K20) -> 110200000 | H14: =SUM(cateorgy!H14:H20) -> 14000 | I14: =SUM(cateorgy!J14:J20) -> 2200
F15: 45663 | G15: =SUM(cateorgy!K15:K21) -> 10200000 | H15: =SUM(cateorgy!H15:H21) -> 12000 | I15: =SUM(cateorgy!J15:J21) -> 1600
F16: 46029 | G16: =SUM(cateorgy!K16:K22) -> 7200000 | H16: =SUM(cateorgy!H16:H22) -> 6000 | I16: =SUM(cateorgy!J16:J22) -> 1500
F19: Product | G19: Total
F20: Total Revenue | G20: =SUBTOTAL(109,Table15[Total Revenue]) -> 622750000
F21: Total Quanity | G21: =SUBTOTAL(109,Table15[Total Quantity]) -> 90200
F22: Total Sales | G22: =SUBTOTAL(109,Table15[Total Sales]) -> 14830
F24: Revenue Trend
F25: Date | G25: Total Revenue
F26: 43831 | G26: 144650000
F27: 44198 | G27: 119650000
F28: 44564 | G28: 115650000
F29: 44930 | G29: 115200000
F30: 45296 | G30: 110200000
F31: 45663 | G31: 10200000
F32: 46029 | G32: 7200000

Sheet Revenue Trend
G9: Date | H9: Total Revenue
G10: 43831 | H10: 144650000
G11: 44198 | H11: 119650000
G12: 44564 | H12: 115650000
G13: 44930 | H13: 115200000
G14: 45296 | H14: 110200000
G15: 45663 | H15: 10200000
G16: 46029 | H16: 7200000

Sheet Top Performing Products
F5: Top Performing Products
F6: Product | G6: Total Revenue
F7: Laptop | G7: 25000000
F8: Mobile | G8: 4000000
F9: Headphones | G9: 450000
F10: TABS | G10: 5000000
F11: TV | G11: 100000000
F12: Mouse | G12: 3000000
F13: Keyboard | G13: 7200000

Sheet Sales
C6: Region | D6: Sales
C7: North | D7: 100
C8: South | D8: 650
C9: East | D9: 350
C10: West | D10: 1520
